Product,Price,Category,Description
Wool Comfort Sweater,$69,Sweater,"Soft oversized sweater with a warm, cozy fit for winter."
Wool Comfort Sweater - Cream,$69,Sweater,"Soft oversized sweater in cream with a warm, cozy fit for winter."
Wool Comfort Sweater - Sage,$69,Sweater,"Soft oversized sweater in sage green with a warm, cozy fit for winter."
Wool Comfort Sweater - Burgundy,$69,Sweater,"Soft oversized sweater in burgundy with a warm, cozy fit for winter."
Ribbed Everyday Sweater,$59,Sweater,Fitted ribbed knit sweater designed for comfortable everyday wear.
Ribbed Everyday Sweater - Black,$59,Sweater,Fitted ribbed knit sweater in black designed for everyday wear.
Ribbed Everyday Sweater - Ivory,$59,Sweater,Fitted ribbed knit sweater in ivory designed for everyday wear.
Cable Knit Weekend Sweater,$74,Sweater,Chunky cable-knit sweater with a relaxed silhouette for cool weekends.
Cable Knit Weekend Sweater - Oatmeal,$74,Sweater,Chunky cable-knit sweater in oatmeal with a relaxed weekend silhouette.
Cable Knit Weekend Sweater - Navy,$74,Sweater,Chunky cable-knit sweater in navy with a relaxed weekend silhouette.
Soft Touch Cardigan,$62,Cardigan,Lightweight button-front cardigan with a soft brushed texture.
Soft Touch Cardigan - Mocha,$62,Cardigan,Lightweight button-front cardigan in mocha with a soft brushed texture.
Soft Touch Cardigan - Dusty Rose,$62,Cardigan,Lightweight button-front cardigan in dusty rose with a soft brushed texture.
Cropped Button Cardigan,$55,Cardigan,Cropped cardigan with delicate buttons and a flattering fitted shape.
Cropped Button Cardigan - Butter,$55,Cardigan,Cropped butter-yellow cardigan with delicate buttons and a fitted shape.
Cropped Button Cardigan - Black,$55,Cardigan,Cropped black cardigan with delicate buttons and a fitted shape.
Linen Relaxed Shirt,$58,Shirt,Breathable linen shirt with a relaxed fit and rolled sleeve styling.
Linen Relaxed Shirt - White,$58,Shirt,Breathable white linen shirt with a relaxed fit and rolled sleeve styling.
Linen Relaxed Shirt - Sky Blue,$58,Shirt,Breathable sky-blue linen shirt with a relaxed fit and rolled sleeve styling.
Linen Relaxed Shirt - Olive,$58,Shirt,Breathable olive linen shirt with a relaxed fit and rolled sleeve styling.
Classic Oxford Shirt,$52,Shirt,Crisp cotton Oxford shirt with a classic collar and versatile everyday styling.
Classic Oxford Shirt - White,$52,Shirt,Crisp white cotton Oxford shirt with a classic collar and versatile styling.
Classic Oxford Shirt - Light Blue,$52,Shirt,Crisp light-blue cotton Oxford shirt with a classic collar and versatile styling.
Oversized Poplin Shirt,$49,Shirt,Relaxed poplin shirt with an oversized cut and curved hem.
Oversized Poplin Shirt - Pink,$49,Shirt,Relaxed pink poplin shirt with an oversized cut and curved hem.
Oversized Poplin Shirt - Black,$49,Shirt,Relaxed black poplin shirt with an oversized cut and curved hem.
Satin Evening Blouse,$65,Top,Smooth satin blouse with a draped neckline for polished evening outfits.
Satin Evening Blouse - Champagne,$65,Top,Champagne satin blouse with a draped neckline for polished evening outfits.
Satin Evening Blouse - Emerald,$65,Top,Emerald satin blouse with a draped neckline for polished evening outfits.
Ribbed Square Neck Top,$39,Top,Stretch ribbed top with a square neckline and fitted silhouette.
Ribbed Square Neck Top - White,$39,Top,White stretch ribbed top with a square neckline and fitted silhouette.
Ribbed Square Neck Top - Chocolate,$39,Top,Chocolate-brown stretch ribbed top with a square neckline and fitted silhouette.
Classic Cotton Tee,$29,T-Shirt,Soft heavyweight cotton T-shirt with a clean regular fit.
Classic Cotton Tee - White,$29,T-Shirt,Soft heavyweight white cotton T-shirt with a clean regular fit.
Classic Cotton Tee - Charcoal,$29,T-Shirt,Soft heavyweight charcoal cotton T-shirt with a clean regular fit.
Classic Cotton Tee - Forest,$29,T-Shirt,Soft heavyweight forest-green cotton T-shirt with a clean regular fit.
Relaxed Graphic Tee,$35,T-Shirt,Relaxed cotton T-shirt featuring a minimal boutique-inspired graphic.
Relaxed Graphic Tee - Cream,$35,T-Shirt,Relaxed cream cotton T-shirt featuring a minimal boutique-inspired graphic.
Relaxed Graphic Tee - Washed Black,$35,T-Shirt,Relaxed washed-black cotton T-shirt featuring a minimal graphic.
High Rise Straight Jeans,$79,Jeans,High-rise straight-leg jeans with a classic five-pocket design and comfortable stretch.
High Rise Straight Jeans - Blue,$79,Jeans,High-rise straight-leg jeans in medium blue with comfortable stretch.
High Rise Straight Jeans - Black,$79,Jeans,High-rise straight-leg jeans in washed black with comfortable stretch.
Wide Leg Denim Jeans,$82,Jeans,Full-length wide-leg jeans with a relaxed fit and structured denim.
Wide Leg Denim Jeans - Indigo,$82,Jeans,Full-length wide-leg jeans in deep indigo with structured denim.
Wide Leg Denim Jeans - Ecru,$82,Jeans,Full-length wide-leg jeans in ecru with structured denim.
Vintage Mom Jeans,$76,Jeans,High-waisted mom jeans with a tapered leg and vintage-inspired wash.
Vintage Mom Jeans - Mid Blue,$76,Jeans,High-waisted mom jeans in a mid-blue vintage wash with a tapered leg.
Vintage Mom Jeans - Washed Black,$76,Jeans,High-waisted mom jeans in a washed-black finish with a tapered leg.
Tailored Wide Leg Trousers,$72,Trousers,High-waisted tailored trousers with a wide leg and polished drape.
Tailored Wide Leg Trousers - Beige,$72,Trousers,High-waisted beige tailored trousers with a wide leg and polished drape.
Tailored Wide Leg Trousers - Black,$72,Trousers,High-waisted black tailored trousers with a wide leg and polished drape.
Relaxed Linen Trousers,$64,Trousers,Lightweight linen trousers with an elastic back waist and relaxed leg.
Relaxed Linen Trousers - Sand,$64,Trousers,Lightweight sand linen trousers with an elastic back waist and relaxed leg.
Relaxed Linen Trousers - Olive,$64,Trousers,Lightweight olive linen trousers with an elastic back waist and relaxed leg.
Pleated Ankle Trousers,$68,Trousers,Smart ankle-length trousers featuring front pleats and a tapered silhouette.
Pleated Ankle Trousers - Navy,$68,Trousers,Smart navy ankle-length trousers featuring front pleats and a tapered silhouette.
Pleated Ankle Trousers - Camel,$68,Trousers,Smart camel ankle-length trousers featuring front pleats and a tapered silhouette.
Floral Midi Dress,$89,Dress,"Flowing midi dress with a small floral print, soft waist shaping, and short sleeves."
Floral Midi Dress - Blue,$89,Dress,Flowing blue midi dress with a small floral print and soft waist shaping.
Floral Midi Dress - Rose,$89,Dress,Flowing rose midi dress with a small floral print and soft waist shaping.
Satin Slip Dress,$95,Dress,Elegant satin slip dress with adjustable straps and a softly draped neckline.
Satin Slip Dress - Black,$95,Dress,Elegant black satin slip dress with adjustable straps and a softly draped neckline.
Satin Slip Dress - Champagne,$95,Dress,Elegant champagne satin slip dress with adjustable straps and a softly draped neckline.
Cotton Shirt Dress,$78,Dress,Button-front cotton shirt dress with a removable waist belt and relaxed fit.
Cotton Shirt Dress - White,$78,Dress,White button-front cotton shirt dress with a removable waist belt and relaxed fit.
Cotton Shirt Dress - Sage,$78,Dress,Sage button-front cotton shirt dress with a removable waist belt and relaxed fit.
Ribbed Knit Midi Dress,$84,Dress,Stretch ribbed knit midi dress with a body-skimming silhouette and long sleeves.
Ribbed Knit Midi Dress - Espresso,$84,Dress,Espresso ribbed knit midi dress with a body-skimming silhouette and long sleeves.
Ribbed Knit Midi Dress - Charcoal,$84,Dress,Charcoal ribbed knit midi dress with a body-skimming silhouette and long sleeves.
Wrap Front Mini Dress,$71,Dress,Feminine wrap-front mini dress with short sleeves and an adjustable waist.
Wrap Front Mini Dress - Red,$71,Dress,Red wrap-front mini dress with short sleeves and an adjustable waist.
Wrap Front Mini Dress - Navy,$71,Dress,Navy wrap-front mini dress with short sleeves and an adjustable waist.
Relaxed Utility Jacket,$99,Jacket,Lightweight utility jacket with roomy pockets and a relaxed everyday fit.
Relaxed Utility Jacket - Olive,$99,Jacket,Lightweight olive utility jacket with roomy pockets and a relaxed everyday fit.
Relaxed Utility Jacket - Stone,$99,Jacket,Lightweight stone utility jacket with roomy pockets and a relaxed everyday fit.
Cropped Denim Jacket,$85,Jacket,Cropped denim jacket with classic metal buttons and a slightly boxy shape.
Cropped Denim Jacket - Blue,$85,Jacket,Cropped blue denim jacket with classic metal buttons and a slightly boxy shape.
Cropped Denim Jacket - Ecru,$85,Jacket,Cropped ecru denim jacket with classic metal buttons and a slightly boxy shape.
Quilted Lightweight Jacket,$108,Jacket,Lightly quilted jacket with snap buttons and a comfortable transitional-season fit.
Quilted Lightweight Jacket - Black,$108,Jacket,Lightly quilted black jacket with snap buttons and a comfortable transitional fit.
Quilted Lightweight Jacket - Cream,$108,Jacket,Lightly quilted cream jacket with snap buttons and a comfortable transitional fit.
Wool Blend Peacoat,$129,Coat,Classic double-breasted wool-blend coat with a structured collar and warm lining.
Wool Blend Peacoat - Camel,$129,Coat,Classic camel double-breasted wool-blend coat with a structured collar and warm lining.
Wool Blend Peacoat - Charcoal,$129,Coat,Classic charcoal double-breasted wool-blend coat with a structured collar and warm lining.
Longline Belted Coat,$139,Coat,"Longline coat with a tie belt, clean lapels, and a polished tailored finish."
Longline Belted Coat - Black,$139,Coat,"Longline black coat with a tie belt, clean lapels, and a polished tailored finish."
Longline Belted Coat - Mocha,$139,Coat,"Longline mocha coat with a tie belt, clean lapels, and a polished tailored finish."
A-Line Midi Skirt,$57,Skirt,Flowing A-line midi skirt with a comfortable elastic waistband and soft drape.
A-Line Midi Skirt - Black,$57,Skirt,Flowing black A-line midi skirt with a comfortable elastic waistband and soft drape.
A-Line Midi Skirt - Floral,$57,Skirt,Flowing floral A-line midi skirt with a comfortable elastic waistband and soft drape.
Pleated Tennis Skirt,$48,Skirt,High-waisted pleated skirt with a clean sporty-inspired silhouette.
Pleated Tennis Skirt - White,$48,Skirt,High-waisted white pleated skirt with a clean sporty-inspired silhouette.
Pleated Tennis Skirt - Navy,$48,Skirt,High-waisted navy pleated skirt with a clean sporty-inspired silhouette.
Corduroy Mini Skirt,$54,Skirt,Soft corduroy mini skirt with front pockets and a classic high-waisted fit.
Corduroy Mini Skirt - Rust,$54,Skirt,Soft rust corduroy mini skirt with front pockets and a classic high-waisted fit.
Corduroy Mini Skirt - Chocolate,$54,Skirt,Soft chocolate corduroy mini skirt with front pockets and a classic high-waisted fit.
Classic Trench Coat,$119,Coat,Water-resistant trench coat with a double-breasted front and adjustable belt.
Classic Trench Coat - Beige,$119,Coat,Water-resistant beige trench coat with a double-breasted front and adjustable belt.
Classic Trench Coat - Navy,$119,Coat,Water-resistant navy trench coat with a double-breasted front and adjustable belt.
Merino Mock Neck Sweater,$86,Sweater,"Fine merino wool sweater with a soft mock neck and slim, comfortable fit."
Merino Mock Neck Sweater - Ivory,$86,Sweater,"Fine ivory merino wool sweater with a soft mock neck and slim, comfortable fit."
Merino Mock Neck Sweater - Plum,$86,Sweater,"Fine plum merino wool sweater with a soft mock neck and slim, comfortable fit."
