Listing_ID,Price,Bedrooms,Bathrooms,City,Neighborhood,Property_Type,Square_Feet,Year_Built,Has_Backyard,Description
ATX-10001,420000,2,1.5,Austin,Downtown,Single Family,1050,1985,True,"Charming bungalow in Downtown, Austin. The home offers tree-lined street with an inviting front porch, 2 bedrooms, and 1.5 bathrooms. It features a private fenced backyard, with approximately 1050 sq ft of living space. Built in 1985, it is well suited for comfortable everyday living and convenient access to nearby shops, dining, parks, and local amenities."
ATX-10002,431000,3,2.0,Round Rock,East Austin,Townhouse,1223,1992,True,"Modern family home in East Austin, Round Rock. The home offers open-concept living area and practical floor plan, 3 bedrooms, and 2 bathrooms. It features a large landscaped backyard, with approximately 1223 sq ft of living space. Built in 1992, it is well suited for comfortable everyday living and convenient access to nearby shops, dining, parks, and local amenities."
ATX-10003,442000,4,2.5,Cedar Park,South Congress,Condo,1396,1999,False,"Updated ranch home in South Congress, Cedar Park. The home offers single-level layout with comfortable living spaces, 4 bedrooms, and 2.5 bathrooms. It features a covered patio for outdoor dining, with approximately 1396 sq ft of living space. Built in 1999, it is well suited for comfortable everyday living and convenient access to nearby shops, dining, parks, and local amenities."
ATX-10004,496250,3,3.0,Pflugerville,Zilker,Single Family,1569,2006,False,"Contemporary townhouse in Zilker, Pflugerville. The home offers clean lines, open living areas, and low-maintenance design, 3 bedrooms, and 3 bathrooms. It features a attached two-car garage, with approximately 1569 sq ft of living space. Built in 2006, it is well suited for comfortable everyday living and convenient access to nearby shops, dining, parks, and local amenities."
ATX-10005,395000,5,3.5,Georgetown,Mueller,Townhouse,1742,2013,False,"Bright corner condo in Mueller, Georgetown. The home offers large windows and an efficient open layout, 5 bedrooms, and 3.5 bathrooms. It features a private swimming pool, with approximately 1742 sq ft of living space. Built in 2013, it is well suited for comfortable everyday living and convenient access to nearby shops, dining, parks, and local amenities."
ATX-10006,358750,2,1.5,Leander,North Loop,Condo,1915,2020,False,"Renovated cottage in North Loop, Leander. The home offers warm interiors and a private outdoor space, 2 bedrooms, and 1.5 bathrooms. It features a dedicated home office, with approximately 1915 sq ft of living space. Built in 2020, it is well suited for comfortable everyday living and convenient access to nearby shops, dining, parks, and local amenities."
ATX-10007,592500,3,2.0,Austin,Hyde Park,Single Family,2088,1988,True,"Spacious suburban home in Hyde Park, Austin. The home offers generous living areas and a flexible floor plan, 3 bedrooms, and 2 bathrooms. It features a low-maintenance garden, with approximately 2088 sq ft of living space. Built in 1988, it is well suited for comfortable everyday living and convenient access to nearby shops, dining, parks, and local amenities."
ATX-10008,461250,4,2.5,Round Rock,Bouldin,Townhouse,2261,1995,True,"Modern condo in Bouldin, Round Rock. The home offers updated finishes and convenient city access, 4 bedrooms, and 2.5 bathrooms. It features a wooden deck overlooking the yard, with approximately 2261 sq ft of living space. Built in 1995, it is well suited for comfortable everyday living and convenient access to nearby shops, dining, parks, and local amenities."
ATX-10009,410000,3,3.0,Cedar Park,Clarksville,Condo,2434,2002,True,"Charming bungalow in Clarksville, Cedar Park. The home offers tree-lined street with an inviting front porch, 3 bedrooms, and 3 bathrooms. It features a private fenced backyard, with approximately 2434 sq ft of living space. Built in 2002, it is well suited for comfortable everyday living and convenient access to nearby shops, dining, parks, and local amenities."
ATX-10010,578750,5,3.5,Pflugerville,Westlake,Single Family,2607,2009,True,"Modern family home in Westlake, Pflugerville. The home offers open-concept living area and practical floor plan, 5 bedrooms, and 3.5 bathrooms. It features a large landscaped backyard, with approximately 2607 sq ft of living space. Built in 2009, it is well suited for comfortable everyday living and convenient access to nearby shops, dining, parks, and local amenities."
ATX-10011,455000,2,1.5,Georgetown,Cedar Park Center,Townhouse,2780,2016,False,"Updated ranch home in Cedar Park Center, Georgetown. The home offers single-level layout with comfortable living spaces, 2 bedrooms, and 1.5 bathrooms. It features a covered patio for outdoor dining, with approximately 2780 sq ft of living space. Built in 2016, it is well suited for comfortable everyday living and convenient access to nearby shops, dining, parks, and local amenities."
ATX-10012,466000,3,2.0,Leander,Round Rock West,Condo,2953,2023,False,"Contemporary townhouse in Round Rock West, Leander. The home offers clean lines, open living areas, and low-maintenance design, 3 bedrooms, and 2 bathrooms. It features a attached two-car garage, with approximately 2953 sq ft of living space. Built in 2023, it is well suited for comfortable everyday living and convenient access to nearby shops, dining, parks, and local amenities."
ATX-10013,477000,4,2.5,Austin,Teravista,Single Family,3126,1991,False,"Bright corner condo in Teravista, Austin. The home offers large windows and an efficient open layout, 4 bedrooms, and 2.5 bathrooms. It features a private swimming pool, with approximately 3126 sq ft of living space. Built in 1991, it is well suited for comfortable everyday living and convenient access to nearby shops, dining, parks, and local amenities."
ATX-10014,632000,3,3.0,Round Rock,Brushy Creek,Townhouse,1099,1998,False,"Renovated cottage in Brushy Creek, Round Rock. The home offers warm interiors and a private outdoor space, 3 bedrooms, and 3 bathrooms. It features a dedicated home office, with approximately 1099 sq ft of living space. Built in 1998, it is well suited for comfortable everyday living and convenient access to nearby shops, dining, parks, and local amenities."
ATX-10015,302500,5,3.5,Cedar Park,Falcon Pointe,Condo,1272,2005,True,"Spacious suburban home in Falcon Pointe, Cedar Park. The home offers generous living areas and a flexible floor plan, 5 bedrooms, and 3.5 bathrooms. It features a low-maintenance garden, with approximately 1272 sq ft of living space. Built in 2005, it is well suited for comfortable everyday living and convenient access to nearby shops, dining, parks, and local amenities."
ATX-10016,471250,2,1.5,Pflugerville,Old Town,Single Family,1445,2012,True,"Modern condo in Old Town, Pflugerville. The home offers updated finishes and convenient city access, 2 bedrooms, and 1.5 bathrooms. It features a wooden deck overlooking the yard, with approximately 1445 sq ft of living space. Built in 2012, it is well suited for comfortable everyday living and convenient access to nearby shops, dining, parks, and local amenities."
ATX-10017,370000,3,2.0,Georgetown,Sunset Valley,Townhouse,1618,2019,True,"Charming bungalow in Sunset Valley, Georgetown. The home offers tree-lined street with an inviting front porch, 3 bedrooms, and 2 bathrooms. It features a private fenced backyard, with approximately 1618 sq ft of living space. Built in 2019, it is well suited for comfortable everyday living and convenient access to nearby shops, dining, parks, and local amenities."
ATX-10018,333750,4,2.5,Leander,Lakeway,Condo,1791,1987,True,"Modern family home in Lakeway, Leander. The home offers open-concept living area and practical floor plan, 4 bedrooms, and 2.5 bathrooms. It features a large landscaped backyard, with approximately 1791 sq ft of living space. Built in 1987, it is well suited for comfortable everyday living and convenient access to nearby shops, dining, parks, and local amenities."
ATX-10019,567500,3,3.0,Austin,Leander North,Single Family,1964,1994,False,"Updated ranch home in Leander North, Austin. The home offers single-level layout with comfortable living spaces, 3 bedrooms, and 3 bathrooms. It features a covered patio for outdoor dining, with approximately 1964 sq ft of living space. Built in 1994, it is well suited for comfortable everyday living and convenient access to nearby shops, dining, parks, and local amenities."
ATX-10020,436250,5,3.5,Round Rock,Downtown,Townhouse,2137,2001,False,"Contemporary townhouse in Downtown, Round Rock. The home offers clean lines, open living areas, and low-maintenance design, 5 bedrooms, and 3.5 bathrooms. It features a attached two-car garage, with approximately 2137 sq ft of living space. Built in 2001, it is well suited for comfortable everyday living and convenient access to nearby shops, dining, parks, and local amenities."
ATX-10021,490000,2,1.5,Cedar Park,East Austin,Condo,2310,2008,False,"Bright corner condo in East Austin, Cedar Park. The home offers large windows and an efficient open layout, 2 bedrooms, and 1.5 bathrooms. It features a private swimming pool, with approximately 2310 sq ft of living space. Built in 2008, it is well suited for comfortable everyday living and convenient access to nearby shops, dining, parks, and local amenities."
ATX-10022,426000,3,2.0,Pflugerville,South Congress,Single Family,2483,2015,False,"Renovated cottage in South Congress, Pflugerville. The home offers warm interiors and a private outdoor space, 3 bedrooms, and 2 bathrooms. It features a dedicated home office, with approximately 2483 sq ft of living space. Built in 2015, it is well suited for comfortable everyday living and convenient access to nearby shops, dining, parks, and local amenities."
ATX-10023,437000,4,2.5,Georgetown,Zilker,Townhouse,2656,2022,True,"Spacious suburban home in Zilker, Georgetown. The home offers generous living areas and a flexible floor plan, 4 bedrooms, and 2.5 bathrooms. It features a low-maintenance garden, with approximately 2656 sq ft of living space. Built in 2022, it is well suited for comfortable everyday living and convenient access to nearby shops, dining, parks, and local amenities."
ATX-10024,416250,3,3.0,Leander,Mueller,Condo,2829,1990,True,"Modern condo in Mueller, Leander. The home offers updated finishes and convenient city access, 3 bedrooms, and 3 bathrooms. It features a wooden deck overlooking the yard, with approximately 2829 sq ft of living space. Built in 1990, it is well suited for comfortable everyday living and convenient access to nearby shops, dining, parks, and local amenities."
ATX-10025,650000,5,3.5,Austin,North Loop,Single Family,3002,1997,True,"Charming bungalow in North Loop, Austin. The home offers tree-lined street with an inviting front porch, 5 bedrooms, and 3.5 bathrooms. It features a private fenced backyard, with approximately 3002 sq ft of living space. Built in 1997, it is well suited for comfortable everyday living and convenient access to nearby shops, dining, parks, and local amenities."
ATX-10026,518750,2,1.5,Round Rock,Hyde Park,Townhouse,3175,2004,True,"Modern family home in Hyde Park, Round Rock. The home offers open-concept living area and practical floor plan, 2 bedrooms, and 1.5 bathrooms. It features a large landscaped backyard, with approximately 3175 sq ft of living space. Built in 2004, it is well suited for comfortable everyday living and convenient access to nearby shops, dining, parks, and local amenities."
ATX-10027,619000,3,2.0,Cedar Park,Bouldin,Condo,1148,2011,False,"Updated ranch home in Bouldin, Cedar Park. The home offers single-level layout with comfortable living spaces, 3 bedrooms, and 2 bathrooms. It features a covered patio for outdoor dining, with approximately 1148 sq ft of living space. Built in 2011, it is well suited for comfortable everyday living and convenient access to nearby shops, dining, parks, and local amenities."
ATX-10028,636250,4,2.5,Pflugerville,Clarksville,Single Family,1321,2018,False,"Contemporary townhouse in Clarksville, Pflugerville. The home offers clean lines, open living areas, and low-maintenance design, 4 bedrooms, and 2.5 bathrooms. It features a attached two-car garage, with approximately 1321 sq ft of living space. Built in 2018, it is well suited for comfortable everyday living and convenient access to nearby shops, dining, parks, and local amenities."
ATX-10029,345000,3,3.0,Georgetown,Westlake,Townhouse,1494,1986,False,"Bright corner condo in Westlake, Georgetown. The home offers large windows and an efficient open layout, 3 bedrooms, and 3 bathrooms. It features a private swimming pool, with approximately 1494 sq ft of living space. Built in 1986, it is well suited for comfortable everyday living and convenient access to nearby shops, dining, parks, and local amenities."
ATX-10030,308750,5,3.5,Leander,Cedar Park Center,Condo,1667,1993,False,"Renovated cottage in Cedar Park Center, Leander. The home offers warm interiors and a private outdoor space, 5 bedrooms, and 3.5 bathrooms. It features a dedicated home office, with approximately 1667 sq ft of living space. Built in 1993, it is well suited for comfortable everyday living and convenient access to nearby shops, dining, parks, and local amenities."
ATX-10031,450000,2,1.5,Austin,Round Rock West,Single Family,1840,2000,True,"Spacious suburban home in Round Rock West, Austin. The home offers generous living areas and a flexible floor plan, 2 bedrooms, and 1.5 bathrooms. It features a low-maintenance garden, with approximately 1840 sq ft of living space. Built in 2000, it is well suited for comfortable everyday living and convenient access to nearby shops, dining, parks, and local amenities."
ATX-10032,461000,3,2.0,Round Rock,Teravista,Townhouse,2013,2007,True,"Modern condo in Teravista, Round Rock. The home offers updated finishes and convenient city access, 3 bedrooms, and 2 bathrooms. It features a wooden deck overlooking the yard, with approximately 2013 sq ft of living space. Built in 2007, it is well suited for comfortable everyday living and convenient access to nearby shops, dining, parks, and local amenities."
ATX-10033,472000,4,2.5,Cedar Park,Brushy Creek,Condo,2186,2014,True,"Charming bungalow in Brushy Creek, Cedar Park. The home offers tree-lined street with an inviting front porch, 4 bedrooms, and 2.5 bathrooms. It features a private fenced backyard, with approximately 2186 sq ft of living space. Built in 2014, it is well suited for comfortable everyday living and convenient access to nearby shops, dining, parks, and local amenities."
ATX-10034,528750,3,3.0,Pflugerville,Falcon Pointe,Single Family,2359,2021,True,"Modern family home in Falcon Pointe, Pflugerville. The home offers open-concept living area and practical floor plan, 3 bedrooms, and 3 bathrooms. It features a large landscaped backyard, with approximately 2359 sq ft of living space. Built in 2021, it is well suited for comfortable everyday living and convenient access to nearby shops, dining, parks, and local amenities."
ATX-10035,427500,5,3.5,Georgetown,Old Town,Townhouse,2532,1989,False,"Updated ranch home in Old Town, Georgetown. The home offers single-level layout with comfortable living spaces, 5 bedrooms, and 3.5 bathrooms. It features a covered patio for outdoor dining, with approximately 2532 sq ft of living space. Built in 1989, it is well suited for comfortable everyday living and convenient access to nearby shops, dining, parks, and local amenities."
ATX-10036,391250,2,1.5,Leander,Sunset Valley,Condo,2705,1996,False,"Contemporary townhouse in Sunset Valley, Leander. The home offers clean lines, open living areas, and low-maintenance design, 2 bedrooms, and 1.5 bathrooms. It features a attached two-car garage, with approximately 2705 sq ft of living space. Built in 1996, it is well suited for comfortable everyday living and convenient access to nearby shops, dining, parks, and local amenities."
ATX-10037,625000,3,2.0,Austin,Lakeway,Single Family,2878,2003,False,"Bright corner condo in Lakeway, Austin. The home offers large windows and an efficient open layout, 3 bedrooms, and 2 bathrooms. It features a private swimming pool, with approximately 2878 sq ft of living space. Built in 2003, it is well suited for comfortable everyday living and convenient access to nearby shops, dining, parks, and local amenities."
ATX-10038,493750,4,2.5,Round Rock,Leander North,Townhouse,3051,2010,False,"Renovated cottage in Leander North, Round Rock. The home offers warm interiors and a private outdoor space, 4 bedrooms, and 2.5 bathrooms. It features a dedicated home office, with approximately 3051 sq ft of living space. Built in 2010, it is well suited for comfortable everyday living and convenient access to nearby shops, dining, parks, and local amenities."
ATX-10039,442500,3,3.0,Cedar Park,Downtown,Condo,3224,2017,True,"Spacious suburban home in Downtown, Cedar Park. The home offers generous living areas and a flexible floor plan, 3 bedrooms, and 3 bathrooms. It features a low-maintenance garden, with approximately 3224 sq ft of living space. Built in 2017, it is well suited for comfortable everyday living and convenient access to nearby shops, dining, parks, and local amenities."
ATX-10040,606000,5,3.5,Pflugerville,East Austin,Single Family,1197,1985,True,"Modern condo in East Austin, Pflugerville. The home offers updated finishes and convenient city access, 5 bedrooms, and 3.5 bathrooms. It features a wooden deck overlooking the yard, with approximately 1197 sq ft of living space. Built in 1985, it is well suited for comfortable everyday living and convenient access to nearby shops, dining, parks, and local amenities."
ATX-10041,485000,2,1.5,Georgetown,South Congress,Townhouse,1370,1992,True,"Charming bungalow in South Congress, Georgetown. The home offers tree-lined street with an inviting front porch, 2 bedrooms, and 1.5 bathrooms. It features a private fenced backyard, with approximately 1370 sq ft of living space. Built in 1992, it is well suited for comfortable everyday living and convenient access to nearby shops, dining, parks, and local amenities."
ATX-10042,421000,3,2.0,Leander,Zilker,Condo,1543,1999,True,"Modern family home in Zilker, Leander. The home offers open-concept living area and practical floor plan, 3 bedrooms, and 2 bathrooms. It features a large landscaped backyard, with approximately 1543 sq ft of living space. Built in 1999, it is well suited for comfortable everyday living and convenient access to nearby shops, dining, parks, and local amenities."
ATX-10043,432000,4,2.5,Austin,Mueller,Single Family,1716,2006,False,"Updated ranch home in Mueller, Austin. The home offers single-level layout with comfortable living spaces, 4 bedrooms, and 2.5 bathrooms. It features a covered patio for outdoor dining, with approximately 1716 sq ft of living space. Built in 2006, it is well suited for comfortable everyday living and convenient access to nearby shops, dining, parks, and local amenities."
ATX-10044,386250,3,3.0,Round Rock,North Loop,Townhouse,1889,2013,False,"Contemporary townhouse in North Loop, Round Rock. The home offers clean lines, open living areas, and low-maintenance design, 3 bedrooms, and 3 bathrooms. It features a attached two-car garage, with approximately 1889 sq ft of living space. Built in 2013, it is well suited for comfortable everyday living and convenient access to nearby shops, dining, parks, and local amenities."
ATX-10045,335000,5,3.5,Cedar Park,Hyde Park,Condo,2062,2020,False,"Bright corner condo in Hyde Park, Cedar Park. The home offers large windows and an efficient open layout, 5 bedrooms, and 3.5 bathrooms. It features a private swimming pool, with approximately 2062 sq ft of living space. Built in 2020, it is well suited for comfortable everyday living and convenient access to nearby shops, dining, parks, and local amenities."
ATX-10046,503750,2,1.5,Pflugerville,Bouldin,Single Family,2235,1988,False,"Renovated cottage in Bouldin, Pflugerville. The home offers warm interiors and a private outdoor space, 2 bedrooms, and 1.5 bathrooms. It features a dedicated home office, with approximately 2235 sq ft of living space. Built in 1988, it is well suited for comfortable everyday living and convenient access to nearby shops, dining, parks, and local amenities."
ATX-10047,402500,3,2.0,Georgetown,Clarksville,Townhouse,2408,1995,True,"Spacious suburban home in Clarksville, Georgetown. The home offers generous living areas and a flexible floor plan, 3 bedrooms, and 2 bathrooms. It features a low-maintenance garden, with approximately 2408 sq ft of living space. Built in 1995, it is well suited for comfortable everyday living and convenient access to nearby shops, dining, parks, and local amenities."
ATX-10048,366250,4,2.5,Leander,Westlake,Condo,2581,2002,True,"Modern condo in Westlake, Leander. The home offers updated finishes and convenient city access, 4 bedrooms, and 2.5 bathrooms. It features a wooden deck overlooking the yard, with approximately 2581 sq ft of living space. Built in 2002, it is well suited for comfortable everyday living and convenient access to nearby shops, dining, parks, and local amenities."
ATX-10049,600000,3,3.0,Austin,Cedar Park Center,Single Family,2754,2009,True,"Charming bungalow in Cedar Park Center, Austin. The home offers tree-lined street with an inviting front porch, 3 bedrooms, and 3 bathrooms. It features a private fenced backyard, with approximately 2754 sq ft of living space. Built in 2009, it is well suited for comfortable everyday living and convenient access to nearby shops, dining, parks, and local amenities."
ATX-10050,468750,5,3.5,Round Rock,Round Rock West,Townhouse,2927,2016,True,"Modern family home in Round Rock West, Round Rock. The home offers open-concept living area and practical floor plan, 5 bedrooms, and 3.5 bathrooms. It features a large landscaped backyard, with approximately 2927 sq ft of living space. Built in 2016, it is well suited for comfortable everyday living and convenient access to nearby shops, dining, parks, and local amenities."
ATX-10051,445000,2,1.5,Cedar Park,Teravista,Condo,3100,2023,False,"Updated ranch home in Teravista, Cedar Park. The home offers single-level layout with comfortable living spaces, 2 bedrooms, and 1.5 bathrooms. It features a covered patio for outdoor dining, with approximately 3100 sq ft of living space. Built in 2023, it is well suited for comfortable everyday living and convenient access to nearby shops, dining, parks, and local amenities."
ATX-10052,456000,3,2.0,Pflugerville,Brushy Creek,Single Family,1073,1991,False,"Contemporary townhouse in Brushy Creek, Pflugerville. The home offers clean lines, open living areas, and low-maintenance design, 3 bedrooms, and 2 bathrooms. It features a attached two-car garage, with approximately 1073 sq ft of living space. Built in 1991, it is well suited for comfortable everyday living and convenient access to nearby shops, dining, parks, and local amenities."
ATX-10053,467000,4,2.5,Georgetown,Falcon Pointe,Townhouse,1246,1998,False,"Bright corner condo in Falcon Pointe, Georgetown. The home offers large windows and an efficient open layout, 4 bedrooms, and 2.5 bathrooms. It features a private swimming pool, with approximately 1246 sq ft of living space. Built in 1998, it is well suited for comfortable everyday living and convenient access to nearby shops, dining, parks, and local amenities."
ATX-10054,448750,3,3.0,Leander,Old Town,Condo,1419,2005,False,"Renovated cottage in Old Town, Leander. The home offers warm interiors and a private outdoor space, 3 bedrooms, and 3 bathrooms. It features a dedicated home office, with approximately 1419 sq ft of living space. Built in 2005, it is well suited for comfortable everyday living and convenient access to nearby shops, dining, parks, and local amenities."
ATX-10055,682500,5,3.5,Austin,Sunset Valley,Single Family,1592,2012,True,"Spacious suburban home in Sunset Valley, Austin. The home offers generous living areas and a flexible floor plan, 5 bedrooms, and 3.5 bathrooms. It features a low-maintenance garden, with approximately 1592 sq ft of living space. Built in 2012, it is well suited for comfortable everyday living and convenient access to nearby shops, dining, parks, and local amenities."
ATX-10056,551250,2,1.5,Round Rock,Lakeway,Townhouse,1765,2019,True,"Modern condo in Lakeway, Round Rock. The home offers updated finishes and convenient city access, 2 bedrooms, and 1.5 bathrooms. It features a wooden deck overlooking the yard, with approximately 1765 sq ft of living space. Built in 2019, it is well suited for comfortable everyday living and convenient access to nearby shops, dining, parks, and local amenities."
ATX-10057,310000,3,2.0,Cedar Park,Leander North,Condo,1938,1987,True,"Charming bungalow in Leander North, Cedar Park. The home offers tree-lined street with an inviting front porch, 3 bedrooms, and 2 bathrooms. It features a private fenced backyard, with approximately 1938 sq ft of living space. Built in 1987, it is well suited for comfortable everyday living and convenient access to nearby shops, dining, parks, and local amenities."
ATX-10058,478750,4,2.5,Pflugerville,Downtown,Single Family,2111,1994,True,"Modern family home in Downtown, Pflugerville. The home offers open-concept living area and practical floor plan, 4 bedrooms, and 2.5 bathrooms. It features a large landscaped backyard, with approximately 2111 sq ft of living space. Built in 1994, it is well suited for comfortable everyday living and convenient access to nearby shops, dining, parks, and local amenities."
ATX-10059,377500,3,3.0,Georgetown,East Austin,Townhouse,2284,2001,False,"Updated ranch home in East Austin, Georgetown. The home offers single-level layout with comfortable living spaces, 3 bedrooms, and 3 bathrooms. It features a covered patio for outdoor dining, with approximately 2284 sq ft of living space. Built in 2001, it is well suited for comfortable everyday living and convenient access to nearby shops, dining, parks, and local amenities."
ATX-10060,341250,5,3.5,Leander,South Congress,Condo,2457,2008,False,"Contemporary townhouse in South Congress, Leander. The home offers clean lines, open living areas, and low-maintenance design, 5 bedrooms, and 3.5 bathrooms. It features a attached two-car garage, with approximately 2457 sq ft of living space. Built in 2008, it is well suited for comfortable everyday living and convenient access to nearby shops, dining, parks, and local amenities."
ATX-10061,480000,2,1.5,Austin,Zilker,Single Family,2630,2015,False,"Bright corner condo in Zilker, Austin. The home offers large windows and an efficient open layout, 2 bedrooms, and 1.5 bathrooms. It features a private swimming pool, with approximately 2630 sq ft of living space. Built in 2015, it is well suited for comfortable everyday living and convenient access to nearby shops, dining, parks, and local amenities."
ATX-10062,491000,3,2.0,Round Rock,Mueller,Townhouse,2803,2022,False,"Renovated cottage in Mueller, Round Rock. The home offers warm interiors and a private outdoor space, 3 bedrooms, and 2 bathrooms. It features a dedicated home office, with approximately 2803 sq ft of living space. Built in 2022, it is well suited for comfortable everyday living and convenient access to nearby shops, dining, parks, and local amenities."
ATX-10063,427000,4,2.5,Cedar Park,North Loop,Condo,2976,1990,True,"Spacious suburban home in North Loop, Cedar Park. The home offers generous living areas and a flexible floor plan, 4 bedrooms, and 2.5 bathrooms. It features a low-maintenance garden, with approximately 2976 sq ft of living space. Built in 1990, it is well suited for comfortable everyday living and convenient access to nearby shops, dining, parks, and local amenities."
ATX-10064,561250,3,3.0,Pflugerville,Hyde Park,Single Family,3149,1997,True,"Modern condo in Hyde Park, Pflugerville. The home offers updated finishes and convenient city access, 3 bedrooms, and 3 bathrooms. It features a wooden deck overlooking the yard, with approximately 3149 sq ft of living space. Built in 1997, it is well suited for comfortable everyday living and convenient access to nearby shops, dining, parks, and local amenities."
ATX-10065,460000,5,3.5,Georgetown,Bouldin,Townhouse,1122,2004,True,"Charming bungalow in Bouldin, Georgetown. The home offers tree-lined street with an inviting front porch, 5 bedrooms, and 3.5 bathrooms. It features a private fenced backyard, with approximately 1122 sq ft of living space. Built in 2004, it is well suited for comfortable everyday living and convenient access to nearby shops, dining, parks, and local amenities."
ATX-10066,580000,2,1.5,Leander,Clarksville,Condo,1295,2011,True,"Modern family home in Clarksville, Leander. The home offers open-concept living area and practical floor plan, 2 bedrooms, and 1.5 bathrooms. It features a large landscaped backyard, with approximately 1295 sq ft of living space. Built in 2011, it is well suited for comfortable everyday living and convenient access to nearby shops, dining, parks, and local amenities."
ATX-10067,657500,3,2.0,Austin,Westlake,Single Family,1468,2018,False,"Updated ranch home in Westlake, Austin. The home offers single-level layout with comfortable living spaces, 3 bedrooms, and 2 bathrooms. It features a covered patio for outdoor dining, with approximately 1468 sq ft of living space. Built in 2018, it is well suited for comfortable everyday living and convenient access to nearby shops, dining, parks, and local amenities."
ATX-10068,526250,4,2.5,Round Rock,Cedar Park Center,Townhouse,1641,1986,False,"Contemporary townhouse in Cedar Park Center, Round Rock. The home offers clean lines, open living areas, and low-maintenance design, 4 bedrooms, and 2.5 bathrooms. It features a attached two-car garage, with approximately 1641 sq ft of living space. Built in 1986, it is well suited for comfortable everyday living and convenient access to nearby shops, dining, parks, and local amenities."
ATX-10069,475000,3,3.0,Cedar Park,Round Rock West,Condo,1814,1993,False,"Bright corner condo in Round Rock West, Cedar Park. The home offers large windows and an efficient open layout, 3 bedrooms, and 3 bathrooms. It features a private swimming pool, with approximately 1814 sq ft of living space. Built in 1993, it is well suited for comfortable everyday living and convenient access to nearby shops, dining, parks, and local amenities."
ATX-10070,643750,5,3.5,Pflugerville,Teravista,Single Family,1987,2000,False,"Renovated cottage in Teravista, Pflugerville. The home offers warm interiors and a private outdoor space, 5 bedrooms, and 3.5 bathrooms. It features a dedicated home office, with approximately 1987 sq ft of living space. Built in 2000, it is well suited for comfortable everyday living and convenient access to nearby shops, dining, parks, and local amenities."
ATX-10071,440000,2,1.5,Georgetown,Brushy Creek,Townhouse,2160,2007,True,"Spacious suburban home in Brushy Creek, Georgetown. The home offers generous living areas and a flexible floor plan, 2 bedrooms, and 1.5 bathrooms. It features a low-maintenance garden, with approximately 2160 sq ft of living space. Built in 2007, it is well suited for comfortable everyday living and convenient access to nearby shops, dining, parks, and local amenities."
ATX-10072,451000,3,2.0,Leander,Falcon Pointe,Condo,2333,2014,True,"Modern condo in Falcon Pointe, Leander. The home offers updated finishes and convenient city access, 3 bedrooms, and 2 bathrooms. It features a wooden deck overlooking the yard, with approximately 2333 sq ft of living space. Built in 2014, it is well suited for comfortable everyday living and convenient access to nearby shops, dining, parks, and local amenities."
ATX-10073,462000,4,2.5,Austin,Old Town,Single Family,2506,2021,True,"Charming bungalow in Old Town, Austin. The home offers tree-lined street with an inviting front porch, 4 bedrooms, and 2.5 bathrooms. It features a private fenced backyard, with approximately 2506 sq ft of living space. Built in 2021, it is well suited for comfortable everyday living and convenient access to nearby shops, dining, parks, and local amenities."
ATX-10074,418750,3,3.0,Round Rock,Sunset Valley,Townhouse,2679,1989,True,"Modern family home in Sunset Valley, Round Rock. The home offers open-concept living area and practical floor plan, 3 bedrooms, and 3 bathrooms. It features a large landscaped backyard, with approximately 2679 sq ft of living space. Built in 1989, it is well suited for comfortable everyday living and convenient access to nearby shops, dining, parks, and local amenities."
ATX-10075,367500,5,3.5,Cedar Park,Lakeway,Condo,2852,1996,False,"Updated ranch home in Lakeway, Cedar Park. The home offers single-level layout with comfortable living spaces, 5 bedrooms, and 3.5 bathrooms. It features a covered patio for outdoor dining, with approximately 2852 sq ft of living space. Built in 1996, it is well suited for comfortable everyday living and convenient access to nearby shops, dining, parks, and local amenities."
ATX-10076,536250,2,1.5,Pflugerville,Leander North,Single Family,3025,2003,False,"Contemporary townhouse in Leander North, Pflugerville. The home offers clean lines, open living areas, and low-maintenance design, 2 bedrooms, and 1.5 bathrooms. It features a attached two-car garage, with approximately 3025 sq ft of living space. Built in 2003, it is well suited for comfortable everyday living and convenient access to nearby shops, dining, parks, and local amenities."
ATX-10077,435000,3,2.0,Georgetown,Downtown,Townhouse,3198,2010,False,"Bright corner condo in Downtown, Georgetown. The home offers large windows and an efficient open layout, 3 bedrooms, and 2 bathrooms. It features a private swimming pool, with approximately 3198 sq ft of living space. Built in 2010, it is well suited for comfortable everyday living and convenient access to nearby shops, dining, parks, and local amenities."
ATX-10078,398750,4,2.5,Leander,East Austin,Condo,1171,2017,False,"Renovated cottage in East Austin, Leander. The home offers warm interiors and a private outdoor space, 4 bedrooms, and 2.5 bathrooms. It features a dedicated home office, with approximately 1171 sq ft of living space. Built in 2017, it is well suited for comfortable everyday living and convenient access to nearby shops, dining, parks, and local amenities."
ATX-10079,567000,3,3.0,Austin,South Congress,Single Family,1344,1985,True,"Spacious suburban home in South Congress, Austin. The home offers generous living areas and a flexible floor plan, 3 bedrooms, and 3 bathrooms. It features a low-maintenance garden, with approximately 1344 sq ft of living space. Built in 1985, it is well suited for comfortable everyday living and convenient access to nearby shops, dining, parks, and local amenities."
ATX-10080,501250,5,3.5,Round Rock,Zilker,Townhouse,1517,1992,True,"Modern condo in Zilker, Round Rock. The home offers updated finishes and convenient city access, 5 bedrooms, and 3.5 bathrooms. It features a wooden deck overlooking the yard, with approximately 1517 sq ft of living space. Built in 1992, it is well suited for comfortable everyday living and convenient access to nearby shops, dining, parks, and local amenities."
ATX-10081,475000,2,1.5,Cedar Park,Mueller,Condo,1690,1999,True,"Charming bungalow in Mueller, Cedar Park. The home offers tree-lined street with an inviting front porch, 2 bedrooms, and 1.5 bathrooms. It features a private fenced backyard, with approximately 1690 sq ft of living space. Built in 1999, it is well suited for comfortable everyday living and convenient access to nearby shops, dining, parks, and local amenities."
ATX-10082,486000,3,2.0,Pflugerville,North Loop,Single Family,1863,2006,True,"Modern family home in North Loop, Pflugerville. The home offers open-concept living area and practical floor plan, 3 bedrooms, and 2 bathrooms. It features a large landscaped backyard, with approximately 1863 sq ft of living space. Built in 2006, it is well suited for comfortable everyday living and convenient access to nearby shops, dining, parks, and local amenities."
ATX-10083,422000,4,2.5,Georgetown,Hyde Park,Townhouse,2036,2013,False,"Updated ranch home in Hyde Park, Georgetown. The home offers single-level layout with comfortable living spaces, 4 bedrooms, and 2.5 bathrooms. It features a covered patio for outdoor dining, with approximately 2036 sq ft of living space. Built in 2013, it is well suited for comfortable everyday living and convenient access to nearby shops, dining, parks, and local amenities."
ATX-10084,291250,3,3.0,Leander,Bouldin,Condo,2209,2020,False,"Contemporary townhouse in Bouldin, Leander. The home offers clean lines, open living areas, and low-maintenance design, 3 bedrooms, and 3 bathrooms. It features a attached two-car garage, with approximately 2209 sq ft of living space. Built in 2020, it is well suited for comfortable everyday living and convenient access to nearby shops, dining, parks, and local amenities."
ATX-10085,525000,5,3.5,Austin,Clarksville,Single Family,2382,1988,False,"Bright corner condo in Clarksville, Austin. The home offers large windows and an efficient open layout, 5 bedrooms, and 3.5 bathrooms. It features a private swimming pool, with approximately 2382 sq ft of living space. Built in 1988, it is well suited for comfortable everyday living and convenient access to nearby shops, dining, parks, and local amenities."
ATX-10086,393750,2,1.5,Round Rock,Westlake,Townhouse,2555,1995,False,"Renovated cottage in Westlake, Round Rock. The home offers warm interiors and a private outdoor space, 2 bedrooms, and 1.5 bathrooms. It features a dedicated home office, with approximately 2555 sq ft of living space. Built in 1995, it is well suited for comfortable everyday living and convenient access to nearby shops, dining, parks, and local amenities."
ATX-10087,342500,3,2.0,Cedar Park,Cedar Park Center,Condo,2728,2002,True,"Spacious suburban home in Cedar Park Center, Cedar Park. The home offers generous living areas and a flexible floor plan, 3 bedrooms, and 2 bathrooms. It features a low-maintenance garden, with approximately 2728 sq ft of living space. Built in 2002, it is well suited for comfortable everyday living and convenient access to nearby shops, dining, parks, and local amenities."
ATX-10088,511250,4,2.5,Pflugerville,Round Rock West,Single Family,2901,2009,True,"Modern condo in Round Rock West, Pflugerville. The home offers updated finishes and convenient city access, 4 bedrooms, and 2.5 bathrooms. It features a wooden deck overlooking the yard, with approximately 2901 sq ft of living space. Built in 2009, it is well suited for comfortable everyday living and convenient access to nearby shops, dining, parks, and local amenities."
ATX-10089,410000,3,3.0,Georgetown,Teravista,Townhouse,3074,2016,True,"Charming bungalow in Teravista, Georgetown. The home offers tree-lined street with an inviting front porch, 3 bedrooms, and 3 bathrooms. It features a private fenced backyard, with approximately 3074 sq ft of living space. Built in 2016, it is well suited for comfortable everyday living and convenient access to nearby shops, dining, parks, and local amenities."
ATX-10090,373750,5,3.5,Leander,Brushy Creek,Condo,3247,2023,True,"Modern family home in Brushy Creek, Leander. The home offers open-concept living area and practical floor plan, 5 bedrooms, and 3.5 bathrooms. It features a large landscaped backyard, with approximately 3247 sq ft of living space. Built in 2023, it is well suited for comfortable everyday living and convenient access to nearby shops, dining, parks, and local amenities."
ATX-10091,435000,2,1.5,Austin,Falcon Pointe,Single Family,1220,1991,False,"Updated ranch home in Falcon Pointe, Austin. The home offers single-level layout with comfortable living spaces, 2 bedrooms, and 1.5 bathrooms. It features a covered patio for outdoor dining, with approximately 1220 sq ft of living space. Built in 1991, it is well suited for comfortable everyday living and convenient access to nearby shops, dining, parks, and local amenities."
ATX-10092,446000,3,2.0,Round Rock,Old Town,Townhouse,1393,1998,False,"Contemporary townhouse in Old Town, Round Rock. The home offers clean lines, open living areas, and low-maintenance design, 3 bedrooms, and 2 bathrooms. It features a attached two-car garage, with approximately 1393 sq ft of living space. Built in 1998, it is well suited for comfortable everyday living and convenient access to nearby shops, dining, parks, and local amenities."
ATX-10093,457000,4,2.5,Cedar Park,Sunset Valley,Condo,1566,2005,False,"Bright corner condo in Sunset Valley, Cedar Park. The home offers large windows and an efficient open layout, 4 bedrooms, and 2.5 bathrooms. It features a private swimming pool, with approximately 1566 sq ft of living space. Built in 2005, it is well suited for comfortable everyday living and convenient access to nearby shops, dining, parks, and local amenities."
ATX-10094,593750,3,3.0,Pflugerville,Lakeway,Single Family,1739,2012,False,"Renovated cottage in Lakeway, Pflugerville. The home offers warm interiors and a private outdoor space, 3 bedrooms, and 3 bathrooms. It features a dedicated home office, with approximately 1739 sq ft of living space. Built in 2012, it is well suited for comfortable everyday living and convenient access to nearby shops, dining, parks, and local amenities."
ATX-10095,492500,5,3.5,Georgetown,Leander North,Townhouse,1912,2019,True,"Spacious suburban home in Leander North, Georgetown. The home offers generous living areas and a flexible floor plan, 5 bedrooms, and 3.5 bathrooms. It features a low-maintenance garden, with approximately 1912 sq ft of living space. Built in 2019, it is well suited for comfortable everyday living and convenient access to nearby shops, dining, parks, and local amenities."
ATX-10096,456250,2,1.5,Leander,Downtown,Condo,2085,1987,True,"Modern condo in Downtown, Leander. The home offers updated finishes and convenient city access, 2 bedrooms, and 1.5 bathrooms. It features a wooden deck overlooking the yard, with approximately 2085 sq ft of living space. Built in 1987, it is well suited for comfortable everyday living and convenient access to nearby shops, dining, parks, and local amenities."
ATX-10097,690000,3,2.0,Austin,East Austin,Single Family,2258,1994,True,"Charming bungalow in East Austin, Austin. The home offers tree-lined street with an inviting front porch, 3 bedrooms, and 2 bathrooms. It features a private fenced backyard, with approximately 2258 sq ft of living space. Built in 1994, it is well suited for comfortable everyday living and convenient access to nearby shops, dining, parks, and local amenities."
ATX-10098,368750,4,2.5,Round Rock,South Congress,Townhouse,2431,2001,True,"Modern family home in South Congress, Round Rock. The home offers open-concept living area and practical floor plan, 4 bedrooms, and 2.5 bathrooms. It features a large landscaped backyard, with approximately 2431 sq ft of living space. Built in 2001, it is well suited for comfortable everyday living and convenient access to nearby shops, dining, parks, and local amenities."
ATX-10099,317500,3,3.0,Cedar Park,Zilker,Condo,2604,2008,False,"Updated ranch home in Zilker, Cedar Park. The home offers single-level layout with comfortable living spaces, 3 bedrooms, and 3 bathrooms. It features a covered patio for outdoor dining, with approximately 2604 sq ft of living space. Built in 2008, it is well suited for comfortable everyday living and convenient access to nearby shops, dining, parks, and local amenities."
ATX-10100,486250,5,3.5,Pflugerville,Mueller,Single Family,2777,2015,False,"Contemporary townhouse in Mueller, Pflugerville. The home offers clean lines, open living areas, and low-maintenance design, 5 bedrooms, and 3.5 bathrooms. It features a attached two-car garage, with approximately 2777 sq ft of living space. Built in 2015, it is well suited for comfortable everyday living and convenient access to nearby shops, dining, parks, and local amenities."
ATX-10101,470000,2,1.5,Georgetown,North Loop,Townhouse,2950,2022,False,"Bright corner condo in North Loop, Georgetown. The home offers large windows and an efficient open layout, 2 bedrooms, and 1.5 bathrooms. It features a private swimming pool, with approximately 2950 sq ft of living space. Built in 2022, it is well suited for comfortable everyday living and convenient access to nearby shops, dining, parks, and local amenities."
ATX-10102,481000,3,2.0,Leander,Hyde Park,Condo,3123,1990,False,"Renovated cottage in Hyde Park, Leander. The home offers warm interiors and a private outdoor space, 3 bedrooms, and 2 bathrooms. It features a dedicated home office, with approximately 3123 sq ft of living space. Built in 1990, it is well suited for comfortable everyday living and convenient access to nearby shops, dining, parks, and local amenities."
ATX-10103,492000,4,2.5,Austin,Bouldin,Single Family,1096,1997,True,"Spacious suburban home in Bouldin, Austin. The home offers generous living areas and a flexible floor plan, 4 bedrooms, and 2.5 bathrooms. It features a low-maintenance garden, with approximately 1096 sq ft of living space. Built in 1997, it is well suited for comfortable everyday living and convenient access to nearby shops, dining, parks, and local amenities."
ATX-10104,451250,3,3.0,Round Rock,Clarksville,Townhouse,1269,2004,True,"Modern condo in Clarksville, Round Rock. The home offers updated finishes and convenient city access, 3 bedrooms, and 3 bathrooms. It features a wooden deck overlooking the yard, with approximately 1269 sq ft of living space. Built in 2004, it is well suited for comfortable everyday living and convenient access to nearby shops, dining, parks, and local amenities."
ATX-10105,541000,5,3.5,Cedar Park,Westlake,Condo,1442,2011,True,"Charming bungalow in Westlake, Cedar Park. The home offers tree-lined street with an inviting front porch, 5 bedrooms, and 3.5 bathrooms. It features a private fenced backyard, with approximately 1442 sq ft of living space. Built in 2011, it is well suited for comfortable everyday living and convenient access to nearby shops, dining, parks, and local amenities."
ATX-10106,568750,2,1.5,Pflugerville,Cedar Park Center,Single Family,1615,2018,True,"Modern family home in Cedar Park Center, Pflugerville. The home offers open-concept living area and practical floor plan, 2 bedrooms, and 1.5 bathrooms. It features a large landscaped backyard, with approximately 1615 sq ft of living space. Built in 2018, it is well suited for comfortable everyday living and convenient access to nearby shops, dining, parks, and local amenities."
ATX-10107,467500,3,2.0,Georgetown,Round Rock West,Townhouse,1788,1986,False,"Updated ranch home in Round Rock West, Georgetown. The home offers single-level layout with comfortable living spaces, 3 bedrooms, and 2 bathrooms. It features a covered patio for outdoor dining, with approximately 1788 sq ft of living space. Built in 1986, it is well suited for comfortable everyday living and convenient access to nearby shops, dining, parks, and local amenities."
ATX-10108,431250,4,2.5,Leander,Teravista,Condo,1961,1993,False,"Contemporary townhouse in Teravista, Leander. The home offers clean lines, open living areas, and low-maintenance design, 4 bedrooms, and 2.5 bathrooms. It features a attached two-car garage, with approximately 1961 sq ft of living space. Built in 1993, it is well suited for comfortable everyday living and convenient access to nearby shops, dining, parks, and local amenities."
ATX-10109,665000,3,3.0,Austin,Brushy Creek,Single Family,2134,2000,False,"Bright corner condo in Brushy Creek, Austin. The home offers large windows and an efficient open layout, 3 bedrooms, and 3 bathrooms. It features a private swimming pool, with approximately 2134 sq ft of living space. Built in 2000, it is well suited for comfortable everyday living and convenient access to nearby shops, dining, parks, and local amenities."
ATX-10110,533750,5,3.5,Round Rock,Falcon Pointe,Townhouse,2307,2007,False,"Renovated cottage in Falcon Pointe, Round Rock. The home offers warm interiors and a private outdoor space, 5 bedrooms, and 3.5 bathrooms. It features a dedicated home office, with approximately 2307 sq ft of living space. Built in 2007, it is well suited for comfortable everyday living and convenient access to nearby shops, dining, parks, and local amenities."
ATX-10111,430000,2,1.5,Cedar Park,Old Town,Condo,2480,2014,True,"Spacious suburban home in Old Town, Cedar Park. The home offers generous living areas and a flexible floor plan, 2 bedrooms, and 1.5 bathrooms. It features a low-maintenance garden, with approximately 2480 sq ft of living space. Built in 2014, it is well suited for comfortable everyday living and convenient access to nearby shops, dining, parks, and local amenities."
ATX-10112,441000,3,2.0,Pflugerville,Sunset Valley,Single Family,2653,2021,True,"Modern condo in Sunset Valley, Pflugerville. The home offers updated finishes and convenient city access, 3 bedrooms, and 2 bathrooms. It features a wooden deck overlooking the yard, with approximately 2653 sq ft of living space. Built in 2021, it is well suited for comfortable everyday living and convenient access to nearby shops, dining, parks, and local amenities."
ATX-10113,452000,4,2.5,Georgetown,Lakeway,Townhouse,2826,1989,True,"Charming bungalow in Lakeway, Georgetown. The home offers tree-lined street with an inviting front porch, 4 bedrooms, and 2.5 bathrooms. It features a private fenced backyard, with approximately 2826 sq ft of living space. Built in 1989, it is well suited for comfortable everyday living and convenient access to nearby shops, dining, parks, and local amenities."
ATX-10114,323750,3,3.0,Leander,Leander North,Condo,2999,1996,True,"Modern family home in Leander North, Leander. The home offers open-concept living area and practical floor plan, 3 bedrooms, and 3 bathrooms. It features a large landscaped backyard, with approximately 2999 sq ft of living space. Built in 1996, it is well suited for comfortable everyday living and convenient access to nearby shops, dining, parks, and local amenities."
ATX-10115,557500,5,3.5,Austin,Downtown,Single Family,3172,2003,False,"Updated ranch home in Downtown, Austin. The home offers single-level layout with comfortable living spaces, 5 bedrooms, and 3.5 bathrooms. It features a covered patio for outdoor dining, with approximately 3172 sq ft of living space. Built in 2003, it is well suited for comfortable everyday living and convenient access to nearby shops, dining, parks, and local amenities."
ATX-10116,426250,2,1.5,Round Rock,East Austin,Townhouse,1145,2010,False,"Contemporary townhouse in East Austin, Round Rock. The home offers clean lines, open living areas, and low-maintenance design, 2 bedrooms, and 1.5 bathrooms. It features a attached two-car garage, with approximately 1145 sq ft of living space. Built in 2010, it is well suited for comfortable everyday living and convenient access to nearby shops, dining, parks, and local amenities."
ATX-10117,375000,3,2.0,Cedar Park,South Congress,Condo,1318,2017,False,"Bright corner condo in South Congress, Cedar Park. The home offers large windows and an efficient open layout, 3 bedrooms, and 2 bathrooms. It features a private swimming pool, with approximately 1318 sq ft of living space. Built in 2017, it is well suited for comfortable everyday living and convenient access to nearby shops, dining, parks, and local amenities."
ATX-10118,528000,4,2.5,Pflugerville,Zilker,Single Family,1491,1985,False,"Renovated cottage in Zilker, Pflugerville. The home offers warm interiors and a private outdoor space, 4 bedrooms, and 2.5 bathrooms. It features a dedicated home office, with approximately 1491 sq ft of living space. Built in 1985, it is well suited for comfortable everyday living and convenient access to nearby shops, dining, parks, and local amenities."
ATX-10119,442500,3,3.0,Georgetown,Mueller,Townhouse,1664,1992,True,"Spacious suburban home in Mueller, Georgetown. The home offers generous living areas and a flexible floor plan, 3 bedrooms, and 3 bathrooms. It features a low-maintenance garden, with approximately 1664 sq ft of living space. Built in 1992, it is well suited for comfortable everyday living and convenient access to nearby shops, dining, parks, and local amenities."
ATX-10120,406250,5,3.5,Leander,North Loop,Condo,1837,1999,True,"Modern condo in North Loop, Leander. The home offers updated finishes and convenient city access, 5 bedrooms, and 3.5 bathrooms. It features a wooden deck overlooking the yard, with approximately 1837 sq ft of living space. Built in 1999, it is well suited for comfortable everyday living and convenient access to nearby shops, dining, parks, and local amenities."
ATX-10121,465000,2,1.5,Austin,Hyde Park,Single Family,2010,2006,True,"Charming bungalow in Hyde Park, Austin. The home offers tree-lined street with an inviting front porch, 2 bedrooms, and 1.5 bathrooms. It features a private fenced backyard, with approximately 2010 sq ft of living space. Built in 2006, it is well suited for comfortable everyday living and convenient access to nearby shops, dining, parks, and local amenities."
ATX-10122,476000,3,2.0,Round Rock,Bouldin,Townhouse,2183,2013,True,"Modern family home in Bouldin, Round Rock. The home offers open-concept living area and practical floor plan, 3 bedrooms, and 2 bathrooms. It features a large landscaped backyard, with approximately 2183 sq ft of living space. Built in 2013, it is well suited for comfortable everyday living and convenient access to nearby shops, dining, parks, and local amenities."
ATX-10123,487000,4,2.5,Cedar Park,Clarksville,Condo,2356,2020,False,"Updated ranch home in Clarksville, Cedar Park. The home offers single-level layout with comfortable living spaces, 4 bedrooms, and 2.5 bathrooms. It features a covered patio for outdoor dining, with approximately 2356 sq ft of living space. Built in 2020, it is well suited for comfortable everyday living and convenient access to nearby shops, dining, parks, and local amenities."
ATX-10124,626250,3,3.0,Pflugerville,Westlake,Single Family,2529,1988,False,"Contemporary townhouse in Westlake, Pflugerville. The home offers clean lines, open living areas, and low-maintenance design, 3 bedrooms, and 3 bathrooms. It features a attached two-car garage, with approximately 2529 sq ft of living space. Built in 1988, it is well suited for comfortable everyday living and convenient access to nearby shops, dining, parks, and local amenities."
ATX-10125,525000,5,3.5,Georgetown,Cedar Park Center,Townhouse,2702,1995,False,"Bright corner condo in Cedar Park Center, Georgetown. The home offers large windows and an efficient open layout, 5 bedrooms, and 3.5 bathrooms. It features a private swimming pool, with approximately 2702 sq ft of living space. Built in 1995, it is well suited for comfortable everyday living and convenient access to nearby shops, dining, parks, and local amenities."
ATX-10126,298750,2,1.5,Leander,Round Rock West,Condo,2875,2002,False,"Renovated cottage in Round Rock West, Leander. The home offers warm interiors and a private outdoor space, 2 bedrooms, and 1.5 bathrooms. It features a dedicated home office, with approximately 2875 sq ft of living space. Built in 2002, it is well suited for comfortable everyday living and convenient access to nearby shops, dining, parks, and local amenities."
ATX-10127,532500,3,2.0,Austin,Teravista,Single Family,3048,2009,True,"Spacious suburban home in Teravista, Austin. The home offers generous living areas and a flexible floor plan, 3 bedrooms, and 2 bathrooms. It features a low-maintenance garden, with approximately 3048 sq ft of living space. Built in 2009, it is well suited for comfortable everyday living and convenient access to nearby shops, dining, parks, and local amenities."
ATX-10128,401250,4,2.5,Round Rock,Brushy Creek,Townhouse,3221,2016,True,"Modern condo in Brushy Creek, Round Rock. The home offers updated finishes and convenient city access, 4 bedrooms, and 2.5 bathrooms. It features a wooden deck overlooking the yard, with approximately 3221 sq ft of living space. Built in 2016, it is well suited for comfortable everyday living and convenient access to nearby shops, dining, parks, and local amenities."
ATX-10129,350000,3,3.0,Cedar Park,Falcon Pointe,Condo,1194,2023,True,"Charming bungalow in Falcon Pointe, Cedar Park. The home offers tree-lined street with an inviting front porch, 3 bedrooms, and 3 bathrooms. It features a private fenced backyard, with approximately 1194 sq ft of living space. Built in 2023, it is well suited for comfortable everyday living and convenient access to nearby shops, dining, parks, and local amenities."
ATX-10130,518750,5,3.5,Pflugerville,Old Town,Single Family,1367,1991,True,"Modern family home in Old Town, Pflugerville. The home offers open-concept living area and practical floor plan, 5 bedrooms, and 3.5 bathrooms. It features a large landscaped backyard, with approximately 1367 sq ft of living space. Built in 1991, it is well suited for comfortable everyday living and convenient access to nearby shops, dining, parks, and local amenities."
ATX-10131,425000,2,1.5,Georgetown,Sunset Valley,Townhouse,1540,1998,False,"Updated ranch home in Sunset Valley, Georgetown. The home offers single-level layout with comfortable living spaces, 2 bedrooms, and 1.5 bathrooms. It features a covered patio for outdoor dining, with approximately 1540 sq ft of living space. Built in 1998, it is well suited for comfortable everyday living and convenient access to nearby shops, dining, parks, and local amenities."
ATX-10132,436000,3,2.0,Leander,Lakeway,Condo,1713,2005,False,"Contemporary townhouse in Lakeway, Leander. The home offers clean lines, open living areas, and low-maintenance design, 3 bedrooms, and 2 bathrooms. It features a attached two-car garage, with approximately 1713 sq ft of living space. Built in 2005, it is well suited for comfortable everyday living and convenient access to nearby shops, dining, parks, and local amenities."
ATX-10133,447000,4,2.5,Austin,Leander North,Single Family,1886,2012,False,"Bright corner condo in Leander North, Austin. The home offers large windows and an efficient open layout, 4 bedrooms, and 2.5 bathrooms. It features a private swimming pool, with approximately 1886 sq ft of living space. Built in 2012, it is well suited for comfortable everyday living and convenient access to nearby shops, dining, parks, and local amenities."
ATX-10134,483750,3,3.0,Round Rock,Downtown,Townhouse,2059,2019,False,"Renovated cottage in Downtown, Round Rock. The home offers warm interiors and a private outdoor space, 3 bedrooms, and 3 bathrooms. It features a dedicated home office, with approximately 2059 sq ft of living space. Built in 2019, it is well suited for comfortable everyday living and convenient access to nearby shops, dining, parks, and local amenities."
ATX-10135,432500,5,3.5,Cedar Park,East Austin,Condo,2232,1987,True,"Spacious suburban home in East Austin, Cedar Park. The home offers generous living areas and a flexible floor plan, 5 bedrooms, and 3.5 bathrooms. It features a low-maintenance garden, with approximately 2232 sq ft of living space. Built in 1987, it is well suited for comfortable everyday living and convenient access to nearby shops, dining, parks, and local amenities."
ATX-10136,601250,2,1.5,Pflugerville,South Congress,Single Family,2405,1994,True,"Modern condo in South Congress, Pflugerville. The home offers updated finishes and convenient city access, 2 bedrooms, and 1.5 bathrooms. It features a wooden deck overlooking the yard, with approximately 2405 sq ft of living space. Built in 1994, it is well suited for comfortable everyday living and convenient access to nearby shops, dining, parks, and local amenities."
ATX-10137,500000,3,2.0,Georgetown,Zilker,Townhouse,2578,2001,True,"Charming bungalow in Zilker, Georgetown. The home offers tree-lined street with an inviting front porch, 3 bedrooms, and 2 bathrooms. It features a private fenced backyard, with approximately 2578 sq ft of living space. Built in 2001, it is well suited for comfortable everyday living and convenient access to nearby shops, dining, parks, and local amenities."
ATX-10138,463750,4,2.5,Leander,Mueller,Condo,2751,2008,True,"Modern family home in Mueller, Leander. The home offers open-concept living area and practical floor plan, 4 bedrooms, and 2.5 bathrooms. It features a large landscaped backyard, with approximately 2751 sq ft of living space. Built in 2008, it is well suited for comfortable everyday living and convenient access to nearby shops, dining, parks, and local amenities."
ATX-10139,697500,3,3.0,Austin,North Loop,Single Family,2924,2015,False,"Updated ranch home in North Loop, Austin. The home offers single-level layout with comfortable living spaces, 3 bedrooms, and 3 bathrooms. It features a covered patio for outdoor dining, with approximately 2924 sq ft of living space. Built in 2015, it is well suited for comfortable everyday living and convenient access to nearby shops, dining, parks, and local amenities."
ATX-10140,376250,5,3.5,Round Rock,Hyde Park,Townhouse,3097,2022,False,"Contemporary townhouse in Hyde Park, Round Rock. The home offers clean lines, open living areas, and low-maintenance design, 5 bedrooms, and 3.5 bathrooms. It features a attached two-car garage, with approximately 3097 sq ft of living space. Built in 2022, it is well suited for comfortable everyday living and convenient access to nearby shops, dining, parks, and local amenities."
ATX-10141,460000,2,1.5,Cedar Park,Bouldin,Condo,1070,1990,False,"Bright corner condo in Bouldin, Cedar Park. The home offers large windows and an efficient open layout, 2 bedrooms, and 1.5 bathrooms. It features a private swimming pool, with approximately 1070 sq ft of living space. Built in 1990, it is well suited for comfortable everyday living and convenient access to nearby shops, dining, parks, and local amenities."
ATX-10142,471000,3,2.0,Pflugerville,Clarksville,Single Family,1243,1997,False,"Renovated cottage in Clarksville, Pflugerville. The home offers warm interiors and a private outdoor space, 3 bedrooms, and 2 bathrooms. It features a dedicated home office, with approximately 1243 sq ft of living space. Built in 1997, it is well suited for comfortable everyday living and convenient access to nearby shops, dining, parks, and local amenities."
ATX-10143,482000,4,2.5,Georgetown,Westlake,Townhouse,1416,2004,True,"Spacious suburban home in Westlake, Georgetown. The home offers generous living areas and a flexible floor plan, 4 bedrooms, and 2.5 bathrooms. It features a low-maintenance garden, with approximately 1416 sq ft of living space. Built in 2004, it is well suited for comfortable everyday living and convenient access to nearby shops, dining, parks, and local amenities."
ATX-10144,632000,3,3.0,Leander,Cedar Park Center,Condo,1589,2011,True,"Modern condo in Cedar Park Center, Leander. The home offers updated finishes and convenient city access, 3 bedrooms, and 3 bathrooms. It features a wooden deck overlooking the yard, with approximately 1589 sq ft of living space. Built in 2011, it is well suited for comfortable everyday living and convenient access to nearby shops, dining, parks, and local amenities."
ATX-10145,590000,5,3.5,Austin,Round Rock West,Single Family,1762,2018,True,"Charming bungalow in Round Rock West, Austin. The home offers tree-lined street with an inviting front porch, 5 bedrooms, and 3.5 bathrooms. It features a private fenced backyard, with approximately 1762 sq ft of living space. Built in 2018, it is well suited for comfortable everyday living and convenient access to nearby shops, dining, parks, and local amenities."
ATX-10146,458750,2,1.5,Round Rock,Teravista,Townhouse,1935,1986,True,"Modern family home in Teravista, Round Rock. The home offers open-concept living area and practical floor plan, 2 bedrooms, and 1.5 bathrooms. It features a large landscaped backyard, with approximately 1935 sq ft of living space. Built in 1986, it is well suited for comfortable everyday living and convenient access to nearby shops, dining, parks, and local amenities."
ATX-10147,407500,3,2.0,Cedar Park,Brushy Creek,Condo,2108,1993,False,"Updated ranch home in Brushy Creek, Cedar Park. The home offers single-level layout with comfortable living spaces, 3 bedrooms, and 2 bathrooms. It features a covered patio for outdoor dining, with approximately 2108 sq ft of living space. Built in 1993, it is well suited for comfortable everyday living and convenient access to nearby shops, dining, parks, and local amenities."
ATX-10148,576250,4,2.5,Pflugerville,Falcon Pointe,Single Family,2281,2000,False,"Contemporary townhouse in Falcon Pointe, Pflugerville. The home offers clean lines, open living areas, and low-maintenance design, 4 bedrooms, and 2.5 bathrooms. It features a attached two-car garage, with approximately 2281 sq ft of living space. Built in 2000, it is well suited for comfortable everyday living and convenient access to nearby shops, dining, parks, and local amenities."
ATX-10149,475000,3,3.0,Georgetown,Old Town,Townhouse,2454,2007,False,"Bright corner condo in Old Town, Georgetown. The home offers large windows and an efficient open layout, 3 bedrooms, and 3 bathrooms. It features a private swimming pool, with approximately 2454 sq ft of living space. Built in 2007, it is well suited for comfortable everyday living and convenient access to nearby shops, dining, parks, and local amenities."
ATX-10150,438750,5,3.5,Leander,Sunset Valley,Condo,2627,2014,False,"Renovated cottage in Sunset Valley, Leander. The home offers warm interiors and a private outdoor space, 5 bedrooms, and 3.5 bathrooms. It features a dedicated home office, with approximately 2627 sq ft of living space. Built in 2014, it is well suited for comfortable everyday living and convenient access to nearby shops, dining, parks, and local amenities."
